adler,1.0.2,safe-to-deploy
ahash,0.7.6,safe-to-deploy
aho-corasick,0.7.18,safe-to-deploy
alsa,0.4.3,safe-to-deploy
alsa-sys,0.3.1,safe-to-deploy
android_log-sys,0.2.0,safe-to-deploy
arrayref,0.3.6,safe-to-deploy
ash,0.37.0+1.3.209,safe-to-deploy
askama_derive,0.11.2,safe-to-deploy
askama_escape,0.10.3,safe-to-deploy
askama_shared,0.12.2,safe-to-deploy
async-task,4.0.3,safe-to-deploy
async-trait,0.1.56,safe-to-deploy
atomic,0.4.6,safe-to-deploy
audio-mixer,0.1.2,safe-to-deploy
audio_thread_priority,0.26.1,safe-to-deploy
authenticator,0.3.1,safe-to-deploy
base64,0.13.0,safe-to-deploy
binary-space-partition,0.1.2,safe-to-deploy
bincode,1.3.3,safe-to-deploy
bitflags,1.3.2,safe-to-deploy
bitflags_serde_shim,0.2.2,safe-to-deploy
bitreader,0.3.6,safe-to-deploy
bitvec,0.19.6,safe-to-deploy
block,0.1.6,safe-to-deploy
block-buffer,0.10.2,safe-to-deploy
byteorder,1.4.3,safe-to-deploy
bytes,1.1.0,safe-to-deploy
cache-padded,1.2.0,safe-to-deploy
camino,1.0.9,safe-to-deploy
cargo-platform,0.1.2,safe-to-deploy
cargo_metadata,0.14.2,safe-to-deploy
cexpr,0.6.0,safe-to-deploy
cfg_aliases,0.1.1,safe-to-deploy
chrono,0.4.19,safe-to-deploy
chunky-vec,0.1.0,safe-to-deploy
clang-sys,1.3.3,safe-to-deploy
clap,3.1.18,safe-to-deploy
clap_derive,3.1.18,safe-to-deploy
clap_lex,0.2.0,safe-to-deploy
codespan-reporting,0.11.1,safe-to-deploy
cookie,0.16.0,safe-to-run
copyless,0.1.5,safe-to-deploy
core-foundation,0.9.3,safe-to-deploy
core-foundation-sys,0.8.3,safe-to-deploy
core-graphics,0.22.3,safe-to-deploy
core-graphics-types,0.1.1,safe-to-deploy
core-text,19.2.0,safe-to-deploy
coreaudio-sys,0.2.10,safe-to-deploy
coremidi,0.6.0,safe-to-deploy
coremidi-sys,3.1.0,safe-to-deploy
cose,0.1.4,safe-to-deploy
cose-c,0.1.5,safe-to-deploy
cpufeatures,0.2.2,safe-to-deploy
crc32fast,1.3.2,safe-to-deploy
crossbeam-channel,0.5.4,safe-to-deploy
crossbeam-deque,0.8.1,safe-to-deploy
crossbeam-epoch,0.9.8,safe-to-deploy
crossbeam-utils,0.8.8,safe-to-deploy
d3d12,0.4.1,safe-to-deploy
darling,0.13.4,safe-to-deploy
darling_core,0.13.4,safe-to-deploy
darling_macro,0.13.4,safe-to-deploy
dashmap,4.0.2,safe-to-deploy
data-encoding,2.3.2,safe-to-deploy
dbus,0.6.5,safe-to-deploy
derive_more,0.99.17,safe-to-deploy
devd-rs,0.3.4,safe-to-deploy
digest,0.10.3,safe-to-deploy
dirs,4.0.0,safe-to-deploy
dirs-sys,0.3.7,safe-to-deploy
dns-parser,0.8.0,safe-to-deploy
dogear,0.4.0,safe-to-deploy
dtoa,0.4.8,safe-to-deploy
dtoa-short,0.3.3,safe-to-deploy
dwrote,0.11.0,safe-to-deploy
either,1.6.1,safe-to-deploy
enumset,1.0.11,safe-to-deploy
enumset_derive,0.6.0,safe-to-deploy
env_logger,0.9.0,safe-to-deploy
error-chain,0.12.4,safe-to-deploy
etagere,0.2.7,safe-to-deploy
euclid,0.22.7,safe-to-deploy
fallible-iterator,0.2.0,safe-to-deploy
fallible-streaming-iterator,0.1.9,safe-to-deploy
fallible_collections,0.4.4,safe-to-deploy
fastrand,1.7.0,safe-to-deploy
ffi-support,0.4.4,safe-to-deploy
flate2,1.0.24,safe-to-deploy
float-cmp,0.6.0,safe-to-deploy
foreign-types,0.3.2,safe-to-deploy
foreign-types-shared,0.1.1,safe-to-deploy
form_urlencoded,1.0.1,safe-to-run
freetype,0.7.0,safe-to-deploy
fs-err,2.7.0,safe-to-deploy
fuchsia-zircon,0.3.3,safe-to-run
fuchsia-zircon-sys,0.3.3,safe-to-run
funty,1.1.0,safe-to-deploy
futures,0.3.21,safe-to-deploy
futures-channel,0.3.21,safe-to-deploy
futures-core,0.3.21,safe-to-deploy
futures-executor,0.3.21,safe-to-deploy
futures-io,0.3.21,safe-to-deploy
futures-macro,0.3.21,safe-to-deploy
futures-sink,0.3.21,safe-to-deploy
futures-task,0.3.21,safe-to-deploy
futures-util,0.3.21,safe-to-deploy
generic-array,0.14.5,safe-to-deploy
getrandom,0.2.6,safe-to-deploy
gl_generator,0.14.0,safe-to-deploy
gleam,0.13.1,safe-to-deploy
glob,0.3.0,safe-to-deploy
glow,0.11.2,safe-to-deploy
glsl,6.0.1,safe-to-deploy
glslopt,0.1.9,safe-to-deploy
goblin,0.1.3,safe-to-deploy
gpu-alloc,0.5.3,safe-to-deploy
gpu-alloc-types,0.2.0,safe-to-deploy
gpu-descriptor,0.2.2,safe-to-deploy
gpu-descriptor-types,0.1.1,safe-to-deploy
h2,0.3.13,safe-to-run
hashlink,0.7.0,safe-to-deploy
headers,0.3.7,safe-to-run
headers-core,0.2.0,safe-to-run
hermit-abi,0.1.19,safe-to-deploy
hexf-parse,0.2.1,safe-to-deploy
http,0.2.8,safe-to-run
http-body,0.4.5,safe-to-run
httparse,1.7.1,safe-to-run
httpdate,1.0.2,safe-to-run
humantime,2.1.0,safe-to-deploy
hyper,0.14.19,safe-to-run
ident_case,1.0.1,safe-to-deploy
idna,0.2.3,safe-to-deploy
indexmap,1.8.2,safe-to-deploy
inherent,1.0.1,safe-to-deploy
instant,0.1.12,safe-to-deploy
ioctl-sys,0.7.1,safe-to-deploy
iovec,0.1.4,safe-to-deploy
itertools,0.10.3,safe-to-deploy
itoa,1.0.2,safe-to-deploy
jobserver,0.1.24,safe-to-deploy
khronos-egl,4.1.0,safe-to-deploy
khronos_api,3.1.0,safe-to-deploy
lazy_static,1.4.0,safe-to-deploy
lazycell,1.3.0,safe-to-deploy
libc,0.2.126,safe-to-deploy
libdbus-sys,0.2.2,safe-to-deploy
libloading,0.5.2,safe-to-deploy
libloading,0.7.3,safe-to-deploy
libsqlite3-sys,0.24.2,safe-to-deploy
libudev,0.2.0,safe-to-deploy
line-wrap,0.1.1,safe-to-run
lmdb-rkv,0.14.0,safe-to-deploy
lmdb-rkv-sys,0.11.2,safe-to-deploy
lock_api,0.4.7,safe-to-deploy
mach,0.3.2,safe-to-deploy
malloc_buf,0.0.6,safe-to-deploy
marionette,0.2.0,safe-to-run
memalloc,0.1.0,safe-to-deploy
memchr,2.5.0,safe-to-deploy
memmap2,0.5.4,safe-to-deploy
memoffset,0.5.6,safe-to-deploy
memoffset,0.6.5,safe-to-deploy
metal,0.23.1,safe-to-deploy
midir,0.7.0,safe-to-deploy
mime,0.3.16,safe-to-deploy
mime_guess,2.0.4,safe-to-deploy
minimal-lexical,0.2.1,safe-to-deploy
miniz_oxide,0.5.3,safe-to-deploy
mio,0.6.23,safe-to-run
mio,0.8.0,safe-to-deploy
mio-extras,2.0.6,safe-to-run
miow,0.3.7,safe-to-deploy
moz_cbor,0.1.2,safe-to-deploy
mozdevice,0.5.0,safe-to-run
murmurhash3,0.0.5,safe-to-deploy
net2,0.2.37,safe-to-run
nix,0.15.0,safe-to-deploy
nom,6.1.2,safe-to-deploy
nom,7.1.1,safe-to-deploy
ntapi,0.3.7,safe-to-deploy
num_cpus,1.13.1,safe-to-deploy
num_threads,0.1.6,safe-to-run
objc,0.2.7,safe-to-deploy
objc_exception,0.1.2,safe-to-deploy
object,0.28.4,safe-to-deploy
once_cell,1.12.0,safe-to-deploy
ordered-float,3.0.0,safe-to-deploy
os_str_bytes,6.1.0,safe-to-deploy
oslog,0.1.0,safe-to-deploy
owning_ref,0.4.1,safe-to-deploy
packed_simd_2,0.3.7,safe-to-deploy
parking_lot,0.11.2,safe-to-deploy
parking_lot_core,0.8.5,safe-to-deploy
paste,1.0.7,safe-to-deploy
peeking_take_while,0.1.2,safe-to-deploy
percent-encoding,2.1.0,safe-to-deploy
phf,0.10.1,safe-to-deploy
phf_codegen,0.10.0,safe-to-deploy
phf_generator,0.10.0,safe-to-deploy
phf_macros,0.10.0,safe-to-deploy
phf_shared,0.10.0,safe-to-deploy
pin-project,1.0.10,safe-to-run
pin-project-internal,1.0.10,safe-to-run
pin-project-lite,0.2.9,safe-to-deploy
pin-utils,0.1.0,safe-to-deploy
pkg-config,0.3.25,safe-to-deploy
plain,0.2.3,safe-to-deploy
plane-split,0.17.1,safe-to-deploy
plist,1.3.1,safe-to-run
ppv-lite86,0.2.16,safe-to-deploy
proc-macro-error,1.0.4,safe-to-deploy
proc-macro-error-attr,1.0.4,safe-to-deploy
proc-macro-hack,0.5.19,safe-to-deploy
profiling,1.0.6,safe-to-deploy
prost,0.8.0,safe-to-deploy
prost-derive,0.8.0,safe-to-deploy
qlog,0.4.0,safe-to-deploy
quick-error,1.2.3,safe-to-deploy
rand,0.8.5,safe-to-deploy
rand_chacha,0.3.1,safe-to-deploy
rand_core,0.6.3,safe-to-deploy
range-alloc,0.1.2,safe-to-deploy
redox_syscall,0.2.13,safe-to-deploy
regex,1.5.6,safe-to-deploy
regex-syntax,0.6.26,safe-to-deploy
remove_dir_all,0.5.3,safe-to-deploy
renderdoc-sys,0.7.1,safe-to-deploy
replace_with,0.1.7,safe-to-deploy
ringbuf,0.2.8,safe-to-deploy
rkv,0.17.1,safe-to-deploy
ron,0.7.0,safe-to-deploy
runloop,0.1.0,safe-to-deploy
rusqlite,0.27.0,safe-to-deploy
rust-ini,0.10.3,safe-to-deploy
rust_cascade,1.4.0,safe-to-deploy
rust_decimal,1.24.0,safe-to-deploy
ryu,1.0.10,safe-to-deploy
safemem,0.3.3,safe-to-run
same-file,1.0.6,safe-to-deploy
scoped-tls,1.0.0,safe-to-run
scopeguard,1.1.0,safe-to-deploy
scroll,0.10.2,safe-to-deploy
scroll_derive,0.10.5,safe-to-deploy
self_cell,0.10.2,safe-to-deploy
semver,1.0.9,safe-to-deploy
serde,1.0.137,safe-to-deploy
serde_bytes,0.11.6,safe-to-deploy
serde_derive,1.0.137,safe-to-deploy
serde_json,1.0.81,safe-to-deploy
serde_repr,0.1.8,safe-to-run
serde_urlencoded,0.7.1,safe-to-run
serde_with,1.14.0,safe-to-deploy
serde_with_macros,1.5.2,safe-to-deploy
serde_yaml,0.8.24,safe-to-run
sfv,0.9.2,safe-to-deploy
sha-1,0.10.0,safe-to-run
sha2,0.10.2,safe-to-deploy
shlex,1.1.0,safe-to-deploy
siphasher,0.3.10,safe-to-deploy
slab,0.4.6,safe-to-deploy
smallbitvec,2.5.1,safe-to-deploy
smallvec,1.8.0,safe-to-deploy
socket2,0.4.4,safe-to-deploy
spirv,0.2.0+1.5.4,safe-to-deploy
stable_deref_trait,1.2.0,safe-to-deploy
static_assertions,1.1.0,safe-to-deploy
strsim,0.10.0,safe-to-deploy
syn,1.0.96,safe-to-deploy
tap,1.0.1,safe-to-deploy
tempfile,3.3.0,safe-to-deploy
termcolor,1.1.3,safe-to-deploy
terminal_size,0.1.17,safe-to-deploy
textwrap,0.15.0,safe-to-deploy
thiserror,1.0.31,safe-to-deploy
thiserror-impl,1.0.31,safe-to-deploy
threadbound,0.1.3,safe-to-deploy
time,0.1.44,safe-to-deploy
time,0.3.9,safe-to-run
time-macros,0.2.4,safe-to-run
tokio,1.17.0,safe-to-run
tokio-macros,1.8.0,safe-to-run
tokio-stream,0.1.9,safe-to-run
tokio-util,0.7.2,safe-to-run
toml,0.5.9,safe-to-deploy
tower-service,0.3.1,safe-to-run
tracing,0.1.35,safe-to-run
tracing-attributes,0.1.21,safe-to-run
tracing-core,0.1.27,safe-to-run
triple_buffer,5.0.6,safe-to-deploy
try-lock,0.2.3,safe-to-run
type-map,0.4.0,safe-to-deploy
typenum,1.15.0,safe-to-deploy
unicase,2.6.0,safe-to-deploy
unicode-bidi,0.3.8,safe-to-deploy
unicode-ident,1.0.0,safe-to-deploy
unicode-normalization,0.1.19,safe-to-deploy
unicode-segmentation,1.9.0,safe-to-deploy
unicode-width,0.1.9,safe-to-deploy
unicode-xid,0.2.3,safe-to-deploy
unix_path,1.0.1,safe-to-run
unix_str,1.0.0,safe-to-run
url,2.1.0,safe-to-deploy
uuid,0.8.2,safe-to-deploy
version_check,0.9.4,safe-to-deploy
walkdir,2.3.2,safe-to-deploy
want,0.3.0,safe-to-run
warp,0.3.2,safe-to-run
wasi
0.11.0+wasi-snapshot-preview1,safe-to-deploy
webrtc-sdp,0.3.9,safe-to-deploy
winapi,0.3.9,safe-to-deploy
winapi-i686-pc-windows-gnu,0.4.0,safe-to-deploy
winapi-util,0.1.5,safe-to-deploy
winapi-x86_64-pc-windows-gnu,0.4.0,safe-to-deploy
winreg,0.5.1,safe-to-run
wio,0.2.2,safe-to-deploy
wyz,0.2.0,safe-to-deploy
xml-rs,0.8.4,safe-to-deploy
yaml-rust,0.4.5,safe-to-run
zeitstempel,0.1.1,safe-to-deploy
zip,0.6.2,safe-to-run
